{
  "accuracy": 0.989,
  "precision": 0.9919517102615694,
  "recall": 0.986,
  "f1": 0.9889669007021064,
  "roc_auc": 0.999646
}